{"cameraMode":{"drawMode":0,"name":"Shaded","section":"Shading Mode"},"sceneLighting":false,"audioPlay":false,"sceneViewState":{"m_AlwaysRefresh":false,"showFog":true,"showSkybox":false,"showFlares":true,"showImageEffects":true,"showParticleSystems":true,"showVisualEffectGraphs":true,"m_FxEnabled":true},"in2DMode":false,"pivot":{"x":275.69061279296877,"y":108.14851379394531,"z":318.6714172363281},"rotation":{"x":0.047824785113334659,"y":-0.7616969347000122,"z":0.0565117672085762,"w":0.6437807679176331},"size":25.316213607788087,"orthographic":false}