{"cameraMode":{"drawMode":0,"name":"Shaded","section":"Shading Mode"},"sceneLighting":true,"audioPlay":false,"sceneViewState":{"m_AlwaysRefresh":false,"showFog":true,"showSkybox":true,"showFlares":true,"showImageEffects":true,"showParticleSystems":true,"showVisualEffectGraphs":true,"m_FxEnabled":true},"in2DMode":false,"pivot":{"x":22.18890380859375,"y":1.8453608751296998,"z":101.22238159179688},"rotation":{"x":0.016989940777420999,"y":0.9706498384475708,"z":-0.22004060447216035,"w":0.10234389454126358},"size":1.11552894115448,"orthographic":false}