{"cameraMode":{"drawMode":0,"name":"Shaded","section":"Shading Mode"},"sceneLighting":true,"audioPlay":false,"sceneViewState":{"m_AlwaysRefresh":false,"showFog":true,"showSkybox":true,"showFlares":true,"showImageEffects":true,"showParticleSystems":true,"showVisualEffectGraphs":true,"m_FxEnabled":true},"in2DMode":false,"pivot":{"x":54.78181457519531,"y":23.703580856323243,"z":35.82996368408203},"rotation":{"x":0.07913380116224289,"y":0.00786813348531723,"z":0.000304600311210379,"w":0.9970299601554871},"size":11.35080623626709,"orthographic":false}