{"cameraMode":{"drawMode":0,"name":"Shaded","section":"Shading Mode"},"sceneLighting":false,"audioPlay":false,"sceneViewState":{"m_AlwaysRefresh":false,"showFog":true,"showSkybox":false,"showFlares":true,"showImageEffects":true,"showParticleSystems":true,"showVisualEffectGraphs":true,"m_FxEnabled":true},"in2DMode":false,"pivot":{"x":-1.0052943229675294,"y":5.6071858406066898,"z":0.19517803192138673},"rotation":{"x":-0.1984124630689621,"y":-0.024699095636606218,"z":0.005011656787246466,"w":-0.9797971844673157},"size":5.847095489501953,"orthographic":false}