{"cameraMode":{"drawMode":0,"name":"Shaded","section":"Shading Mode"},"sceneLighting":false,"audioPlay":false,"sceneViewState":{"m_AlwaysRefresh":false,"showFog":true,"showSkybox":false,"showFlares":true,"showImageEffects":true,"showParticleSystems":true,"showVisualEffectGraphs":true,"m_FxEnabled":true},"in2DMode":false,"pivot":{"x":0.4351730942726135,"y":1.785401463508606,"z":10.695613861083985},"rotation":{"x":-0.09104221314191818,"y":-0.08474475890398026,"z":0.007787396665662527,"w":-0.9922131896018982},"size":10.318284034729004,"orthographic":false}