{"cameraMode":{"drawMode":0,"name":"Shaded","section":"Shading Mode"},"sceneLighting":false,"audioPlay":false,"sceneViewState":{"m_AlwaysRefresh":false,"showFog":true,"showSkybox":false,"showFlares":true,"showImageEffects":true,"showParticleSystems":true,"showVisualEffectGraphs":true,"m_FxEnabled":true},"in2DMode":false,"pivot":{"x":-0.5139501094818115,"y":5.5809173583984379,"z":-0.21561956405639649},"rotation":{"x":-0.1984119564294815,"y":-0.024699032306671144,"z":0.005011644214391708,"w":-0.9797946810722351},"size":43.97305679321289,"orthographic":false}