{"cameraMode":{"drawMode":0,"name":"Shaded","section":"Shading Mode"},"sceneLighting":false,"audioPlay":false,"sceneViewState":{"m_AlwaysRefresh":false,"showFog":true,"showSkybox":false,"showFlares":true,"showImageEffects":true,"showParticleSystems":true,"showVisualEffectGraphs":true,"m_FxEnabled":true},"in2DMode":false,"pivot":{"x":-8.595502853393555,"y":-0.8779048323631287,"z":-5.7978644371032719},"rotation":{"x":-0.09730300307273865,"y":0.8693063259124756,"z":-0.18964959681034089,"w":-0.44596004486083987},"size":10.318284034729004,"orthographic":false}