{"cameraMode":{"drawMode":0,"name":"Shaded","section":"Shading Mode"},"sceneLighting":false,"audioPlay":false,"sceneViewState":{"m_AlwaysRefresh":false,"showFog":true,"showSkybox":false,"showFlares":true,"showImageEffects":true,"showParticleSystems":true,"showVisualEffectGraphs":true,"m_FxEnabled":true},"in2DMode":false,"pivot":{"x":-1.5863068103790284,"y":3.402127742767334,"z":1.980711579322815},"rotation":{"x":0.0006018760614097118,"y":0.12732787430286408,"z":0.000025938565158867277,"w":-0.9918612837791443},"size":4.303343296051025,"orthographic":false}