{"cameraMode":{"drawMode":0,"name":"Shaded","section":"Shading Mode"},"sceneLighting":false,"audioPlay":false,"sceneViewState":{"m_AlwaysRefresh":true,"showFog":true,"showSkybox":false,"showFlares":true,"showImageEffects":true,"showParticleSystems":true,"showVisualEffectGraphs":true,"m_FxEnabled":true},"in2DMode":false,"pivot":{"x":0.4499998092651367,"y":3.8899998664855959,"z":-4.289999008178711},"rotation":{"x":0.17670093476772309,"y":-0.24717220664024354,"z":0.045938458293676379,"w":0.951656699180603},"size":37.76622009277344,"orthographic":false}