{"cameraMode":{"drawMode":0,"name":"Shaded","section":"Shading Mode"},"sceneLighting":false,"audioPlay":false,"sceneViewState":{"showFog":true,"showMaterialUpdate":false,"showSkybox":false,"showFlares":true,"showImageEffects":true,"showParticleSystems":true},"in2DMode":false,"pivot":{"x":1.8066601753234864,"y":1.2208154201507569,"z":-16.8098201751709},"rotation":{"x":-0.002428659936413169,"y":-0.9858729839324951,"z":-0.014181380160152913,"w":0.16717100143432618},"size":1.4660253524780274,"orthographic":false}