{"cameraMode":{"drawMode":0,"name":"Shaded","section":"Shading Mode"},"sceneLighting":true,"audioPlay":false,"sceneViewState":{"showFog":true,"showMaterialUpdate":false,"showSkybox":true,"showFlares":true,"showImageEffects":true,"showParticleSystems":true},"in2DMode":false,"pivot":{"x":6.399558067321777,"y":6.08168363571167,"z":1.6199580430984498},"rotation":{"x":0.20488186180591584,"y":-0.7631054520606995,"z":0.2893487513065338,"w":0.5403969287872315},"size":6.325386047363281,"orthographic":false}