{"cameraMode":{"drawMode":0,"name":"Shaded","section":"Shading Mode"},"sceneLighting":true,"audioPlay":false,"sceneViewState":{"showFog":true,"showMaterialUpdate":false,"showSkybox":true,"showFlares":true,"showImageEffects":true,"showParticleSystems":true},"in2DMode":false,"pivot":{"x":-18.50188446044922,"y":-27.601219177246095,"z":9.99758529663086},"rotation":{"x":-0.3150433599948883,"y":0.43954306840896609,"z":-0.16807666420936585,"w":-0.8242628574371338},"size":41.183406829833987,"orthographic":false}