{"cameraMode":{"drawMode":0,"name":"Shaded","section":"Shading Mode"},"sceneLighting":false,"audioPlay":false,"sceneViewState":{"showFog":true,"showMaterialUpdate":false,"showSkybox":false,"showFlares":true,"showImageEffects":true,"showParticleSystems":true},"in2DMode":false,"pivot":{"x":13.933024406433106,"y":1.8479886054992676,"z":-16.21488380432129},"rotation":{"x":-0.1871134638786316,"y":0.04471438378095627,"z":-0.008737080730497837,"w":-0.9813742637634277},"size":2.2445034980773927,"orthographic":false}