{"cameraMode":{"drawMode":0,"name":"Shaded","section":"Shading Mode"},"sceneLighting":false,"audioPlay":false,"sceneViewState":{"showFog":true,"showMaterialUpdate":false,"showSkybox":false,"showFlares":true,"showImageEffects":true,"showParticleSystems":true},"in2DMode":false,"pivot":{"x":0.49536797404289248,"y":1.6886875629425049,"z":-5.430000305175781},"rotation":{"x":0.01460263878107071,"y":-0.9370819926261902,"z":0.3466506600379944,"w":0.03965818136930466},"size":2.2764933109283449,"orthographic":false}