{"cameraMode":{"drawMode":0,"name":"Shaded","section":"Shading Mode"},"sceneLighting":true,"audioPlay":false,"sceneViewState":{"showFog":true,"showMaterialUpdate":false,"showSkybox":false,"showFlares":true,"showImageEffects":true,"showParticleSystems":true},"in2DMode":false,"pivot":{"x":0.09350389242172241,"y":1.8685275316238404,"z":0.2431214153766632},"rotation":{"x":0.18421044945716859,"y":-0.4934951663017273,"z":0.1078716591000557,"w":0.8432178497314453},"size":0.7557772994041443,"orthographic":false}