{"cameraMode":{"drawMode":0,"name":"Shaded","section":"Shading Mode"},"sceneLighting":false,"audioPlay":false,"sceneViewState":{"showFog":true,"showMaterialUpdate":false,"showSkybox":false,"showFlares":true,"showImageEffects":true,"showParticleSystems":true},"in2DMode":false,"pivot":{"x":-0.8763893842697144,"y":-0.16515183448791505,"z":2.6425819396972658},"rotation":{"x":-0.04820594564080238,"y":0.05901085212826729,"z":-0.0029321513138711454,"w":-0.9971266984939575},"size":2.0102884769439699,"orthographic":false}