{"cameraMode":{"drawMode":0,"name":"Shaded","section":"Shading Mode"},"sceneLighting":false,"audioPlay":false,"sceneViewState":{"m_AlwaysRefresh":false,"showFog":true,"showSkybox":false,"showFlares":true,"showImageEffects":true,"showParticleSystems":true,"showVisualEffectGraphs":true,"m_FxEnabled":true},"in2DMode":false,"pivot":{"x":-0.033818840980529788,"y":3.8802437782287599,"z":0.13242411613464356},"rotation":{"x":0.010158192366361618,"y":0.8252037167549133,"z":-0.014860499650239945,"w":0.5645484328269959},"size":9.620969772338868,"orthographic":false}