{"cameraMode":{"drawMode":0,"name":"Shaded","section":"Shading Mode"},"sceneLighting":false,"audioPlay":false,"sceneViewState":{"m_AlwaysRefresh":false,"showFog":true,"showSkybox":false,"showFlares":true,"showImageEffects":true,"showParticleSystems":true,"showVisualEffectGraphs":true,"m_FxEnabled":true},"in2DMode":false,"pivot":{"x":10.963563919067383,"y":4.5952348709106449,"z":-5.961831092834473},"rotation":{"x":-0.03875608742237091,"y":0.8649351596832275,"z":0.06759742647409439,"w":0.49579864740371706},"size":9.620969772338868,"orthographic":false}