{"cameraMode":{"drawMode":0,"name":"Shaded","section":"Shading Mode"},"sceneLighting":false,"audioPlay":false,"sceneViewState":{"m_AlwaysRefresh":false,"showFog":true,"showSkybox":false,"showFlares":true,"showImageEffects":true,"showParticleSystems":true,"showVisualEffectGraphs":true,"m_FxEnabled":true},"in2DMode":false,"pivot":{"x":0.09971798956394196,"y":0.06725802272558212,"z":-1.1650116443634034},"rotation":{"x":-0.20447683334350587,"y":0.784125030040741,"z":0.3316614627838135,"w":0.48319533467292788},"size":1.8073949813842774,"orthographic":false}